Geolocation
"New York, NY, United States"
"Portland, OR, United States"
"London, England, United Kingdom"
"Denver, CO, United States"
"Berlin, Berlin, Germany"
"San Francisco, CA, United States"
"City of Sydney, NSW, Australien"
"Alameda, CA, United States"
"Oakland, CA, United States"
"Makati, NCR, Philippines"
"London, England, United Kingdom"
"New York, NY, United States"
"Berlin, Berlin, Germany"
"Tilburg, NB, Netherlands"
"Washington, DC, United States"
"Ankara, Ankara, TÌÎ_rkiye"
"Byron Bay, NSW, Australia"
"Thousand Oaks, CA, United States"
"New York, NY, United States"
"Nairobi, Nairobi County, Kenya"
"San Francisco, CA, United States"
"San Pablo, CA, United States"
"å__å»å_Ì_Ìü, , å__å»å_Ì_Ìü"
"Portsmouth, England, United Kingdom"
"åÔ_Ì£åÕååÇåÔ_Ìâ, CA, åÔÌüÌ_ååµ_"
"Vienna, Vienna, Austria"
Italy
"Menlo Park, CA, United States"
"Germantown, MD, United States"
"Detroit, MI, United States"
"Bentonville, AR, United States"
"New York, NY, United States"
"Redwood City, CA, United States"
"Montreal, QC, Canada"
"Chicago, IL, United States"
"Curitiba, PR, Brazil"
"Auckland, Auckland, New Zealand"
United Kingdom
"Cupertino, CA, United States"
"Singapore, , Singapore"
"Rio de Janeiro, RJ, Brasil"
"Palo Alto, CA, United States"
"Rotterdam, ZH, Netherlands"
"Vienna, Vienna, Austria"
"Mountain View, CA, United States"
"Columbus, OH, United States"
"New York, NY, United States"
"New York, NY, United States"
"San Francisco, CA, United States"
"Loma Linda, CA, United States"
"Bengaluru, KA, India"
"Fort Lauderdale, FL, United States"
"East Hampton, CT, United States"
"Portland, OR, United States"
"New York, NY, United States"
"New York, NY, United States"
"Cardiff, Wales, United Kingdom"
"Pasto, NariÌÎå±o, Colombia"
"Distrito de Lima, Departamento de Lima, PerÌÎå_"
"Houston, TX, United States"
"Birmingham, AL, United States"
"Bamako, Bamako District, Mali"
"Noida, UP, India"
"London, England, United Kingdom"
"San Francisco, CA, United States"
Portugal
"Belo Horizonte, MG, Brasile"
"Stockholm, Stockholms lÌÎ_n, Suedia"
"Detroit, MI, United States"
"Haarlem, NH, Netherlands"
"San Francisco, CA, United States"
"Montreal, QC, Canada"
"Atlanta, GA, United States"
"Chicago, IL, United States"
"San Francisco, CA, United States"
"Portland, ME, United States"
"Atlanta, GA, United States"
"Riga, Riga, Latvia"
"Mar del Plata, Buenos Aires, Argentina"
"Toronto, ON, Canada"
"San Francisco, CA, United States"
"Dhaka, Dhaka Division, Bangladesh"
"Houston, TX, United States"
"Cambridge, MA, United States"
"Portland, OR, United States"
"Floral City, FL, United States"
"Washington, DC, United States"
"Nairobi, Nairobi County, Kenya"
"London, England, United Kingdom"
"Nyack, NY, United States"
"New York, NY, United States"
"San Francisco, CA, United States"
"Innsbruck, Tyrol, Austria"
"The Hague, ZH, Netherlands"
"Pune, MH, India"
"Paris, ÌÎ_le-de-France, France"
"South Bradenton, FL, United States"
"Lira, Northern Region, Uganda"
"San Francisco, CA, United States"
"San Francisco, CA, United States"
"American Fork, UT, United States"
"Washington, DC, United States"
"New York, NY, United States"
"Kampala, Central Region, Uganda"
"Santa Clara, CA, United States"
"London, England, United Kingdom"
"Palo Alto, CA, United States"
"Manchester, England, United Kingdom"
"Enugu, Enugu, Nigeria"
"åÒå´Ì£åÔ_Ì£åÒ_å«, åÔå_ååµÌâåÔÌ£_åÒ__, åÒ_ÌÒåÕ_Ì_åÔÌÒÌÒåÔå_ÌİåÒå´Ì£åÔå«åÇ"
"Pittsburgh, PA, United States"
"Nairobi, Nairobi County, Kenya"
"Noida, UP, India"
"Cambridge, MA, United States"
"New York, NY, United States"
"MÌÎ_nchen, BY, Deutschland"
"Abuja, FCT, Nigeria"
"Berlin, Berlin, Germany"
"London, England, United Kingdom"
"Lagos, Lagos, Nigeria"
"Bengaluru, KA, India"
"New York, NY, United States"
"Mumbai, MH, India"
"Lexington, KY, United States"
"London, England, United Kingdom"
"San Francisco, CA, United States"
"London, England, United Kingdom"
"London, England, United Kingdom"
"Bangkok, , Thailand"
Germany
"Bengaluru, KA, India"
"Elizabeth, NJ, United States"
"Mumbai, MH, India"
"Chennai, TN, India"
"Oxford, England, United Kingdom"
"Mumbai, MH, India"
"Mumbai, MH, India"
"London, England, United Kingdom"
"San Francisco, CA, United States"
"Boston, MA, United States"
"San Francisco, CA, United States"
"San Francisco, CA, United States"
"CA, United States"
"San Francisco, CA, United States"
"Los Angeles, CA, United States"
"New York, NY, United States"
"New York, NY, United States"
"Belo Horizonte, MG, Brasile"
"San Diego, CA, United States"
"La Honda, CA, United States"
"BogotÌÎÌ, BogotÌÎÌ, Colombia"
"Guatemala, Guatemala, Guatemala"
"Santa Clara, CA, United States"
"New York, NY, United States"
"Toronto, ON, Canada"
"VA, United States"
"Austin, TX, United States"
"Mountain View, CA, United States"
"Santa Clara, CA, United States"
"Amsterdam, NH, Netherlands"
"Rotterdam, ZH, Netherlands"
"Oakland, CA, United States"
"Holiday, FL, United States"
"Arlington, VA, United States"
"Boston, MA, United States"
"New York, NY, United States"
"San Francisco, CA, United States"
"Nairobi, Nairobi County, Kenya"
"London, England, United Kingdom"
"New York, NY, United States"
"Port-au-Prince, Ouest Department, Haiti"
"Nairobi, Nairobi County, Kenya"
"Nairobi, Nairobi County, Kenya"
"Boulder, CO, United States"
"Dar es Salaam, Dar es Salaam, Tanzania"
"San Francisco, CA, United States"
"Cape Town, WC, South Africa"
"Oakland, CA, United States"
"San Francisco, CA, United States"
"Kuala Lumpur, Federal Territory of Kuala Lumpur, Malaysia"
"Ankara, Ankara, TÌÎ_rkiye"
"Berlin, Berlin, Germany"
"Oakland, CA, United States"
"New York, NY, United States"
"Hilversum, NH, Nederland"
"Chennai, TN, India"
"Hastings, England, United Kingdom"
"San Francisco, CA, United States"
"London, England, United Kingdom"
"Atlanta, GA, United States"
"Washington, DC, United States"
"Nairobi, Nairobi County, Kenya"
"Jakarta, Jakarta, Indonesia"
"Tempe, AZ, United States"
"MÌÎ_nchen, BY, Deutschland"
"Kampala, Central Region, Uganda"
"Kampala, Central Region, Uganda"
"Dar es Salaam, Dar es Salaam, Tanzania"
"London, England, United Kingdom"
"Gulu, Northern Region, Uganda"
"Juba, Central Equatoria, South Sudan"
"Dar es Salaam, Dar es Salaam, Tanzania"
"Kampala, Central Region, Uganda"
"Nairobi, Nairobi County, Kenya"
"Kitale, Trans-Nzoia County, Kenya"
"London, England, United Kingdom"
"Chennai, TN, India"
"Nairobi, Nairobi County, Kenya"
"Kampala, Central Region, Uganda"
"Nairobi, Nairobi County, Kenya"
"Nairobi, Nairobi County, Kenya"
"Nairobi, Nairobi County, Kenya"
"Wingate, NC, United States"
Kenya
"New Delhi, DL, India"
"Mombasa, Mombasa County, Kenya"
"Jinja, Eastern Region, Uganda"
"Dar es Salaam, Dar es Salaam, Tanzania"
"Hanover, NH, United States"
"Washington, DC, United States"
"Nairobi, Nairobi County, Kenya"
"Nairobi, Nairobi County, Kenya"
"Dar es Salaam, Dar es Salaam, Tanzania"
"College Park, MD, United States"
"Kigali, Kigali City, Rwanda"
"Nairobi, Nairobi County, Kenya"
"Nairobi, Nairobi County, Kenya"
"Meru County, Kenya"
"Dar es Salaam, Dar es Salaam, Tanzania"
"Cranfield, England, United Kingdom"
"Kampala, Central Region, Uganda"
"City of Sydney, NSW, Australien"
"Kampala, Central Region, Uganda"
"Morristown, NJ, United States"
"Tempe, AZ, United States"
"Juja, Kiambu County, Kenya"
"Nairobi, Nairobi County, Kenya"
"Ottawa, ON, Canada"
"Hillsborough, NC, United States"
"Nyeri County, Kenya"
"Nairobi, Nairobi County, Kenya"
"London, England, United Kingdom"
Tanzania
"Grand Baie, RiviÌÎåÂre du Rempart District, Mauritius"
"Tallinn, Harju maakond, Eesti"
"Philadelphia, PA, United States"
"City of Sydney, NSW, Australien"
"Beirut Governorate, Lebanon"
"Nairobi, Nairobi County, Kenya"
"Nairobi, Nairobi County, Kenya"
"Kampala, Central Region, Uganda"
Australia
"Ruhengeri, Northern Province, Rwanda"
"Irvine, CA, United States"
"England, United Kingdom"
"Arlington, VA, United States"
"Nairobi, Nairobi County, Kenya"
"Annecy, Auvergne-RhÌÎåÇne-Alpes, France"
"San Francisco, CA, United States"
"Sydney, NSW, Australia"
"Washington, DC, United States"
"Hubali-Dharwad, KA, India"
"Foster City, CA, United States"
"Belmont, CA, United States"
"East Lansing, MI, United States"
"Ljubljana, Ljubljana, Slovenia"
"Alexandria, VA, United States"
"Chiang Mai, åöÌ_Ì¦.åö_ÌİåöÌ__åöÌ_åµåöÌ_å¢åöÌ_ÌÊåö_ÌãåöÌ_ÌàåöÌ_Ìåö_Ì¦, Thailand"
"Cincinnati, OH, United States"
"Lisbon, Lisbon, Portugal"
"New York, NY, United States"
"San Francisco, CA, United States"
"Barcelona, CT, EspaÌÎå±a"
"New York, NY, United States"
"Kampala, Central Region, Uganda"
"Dubai, Dubai, United Arab Emirates"
"Mombasa, Mombasa County, Kenya"
"Wingate, NC, United States"
"Nairobi, Nairobi County, Kenya"
"Milton, PA, United States"
"Nairobi, Nairobi County, Kenya"
"Ifakara, Morogoro Region, Tanzania"
"New York, NY, United States"
"Nairobi, Nairobi County, Kenya"
"Tempe, AZ, United States"
"Melbourne, VIC, Australia"
"Nairobi, Nairobi County, Kenya"
Uganda
"Nairobi, Nairobi County, Kenya"
"Nairobi, Nairobi County, Kenya"
"Stavanger, Rogaland, Norge"
"Kampala, Central Region, Uganda"
"Nairobi, Nairobi County, Kenya"
"Malden, MA, United States"
"Nakuru, Nakuru County, Kenya"
"Nairobi, Nairobi County, Kenya"
"Kampala, Central Region, Uganda"
"Mombasa, Mombasa County, Kenya"
"Mbeya, Mbeya Region, Tanzania"
"Kigali, Kigali City, Rwanda"
"Nairobi, Nairobi County, Kenya"
"Pader, Northern Region, Uganda"
"Nairobi, Nairobi County, Kenya"
"Helsinki, Uusimaa, Finland"
"Nairobi, Nairobi County, Kenya"
"Lagos, Lagos, Nigeria"
"Bushenyi, Western Region, Uganda"
"Morogoro, Morogoro Region, Tanzania"
"Wingate, NC, United States"
"San Antonio, TX, United States"
"Geita, Mwanza Region, Tanzania"
"Nairobi, Nairobi County, Kenya"
"City of Sydney, NSW, Australien"
"Nairobi, Nairobi County, Kenya"
"San Francisco, CA, United States"
"Berlin, Berlin, Germany"
"Oslo, Oslo, Norge"
"Nairobi, Nairobi County, Kenya"
"Nairobi, Nairobi County, Kenya"
"Kigali, Kigali City, Rwanda"
"Kampala, Central Region, Uganda"
"Mbale, Eastern Region, Uganda"
"Nairobi, Nairobi County, Kenya"
"Kisumu, Kisumu County, Kenya"
"Kampala, Central Region, Uganda"
"Kigali, Kigali City, Rwanda"
"Nairobi, Nairobi County, Kenya"
"Tunis, Gouvernorat de Tunis, Tunisie"
"Kampala, Central Region, Uganda"
"Nairobi, Nairobi County, Kenya"
"Soroti, Eastern Region, Uganda"
"London, England, United Kingdom"
"Nairobi, Nairobi County, Kenya"
"Ruiru, Kiambu County, Kenya"
"Arusha, Arusha Region, Tanzania"
"Nairobi, Nairobi County, Kenya"
"Kaduna, Kaduna, Nigeria"
"Kampala, Central Region, Uganda"
"Melbourne, VIC, Australia"
"Ulverston, England, United Kingdom"
"Kampala, Central Region, Uganda"
"Asheville, NC, United States"
"Nairobi, Nairobi County, Kenya"
"Singapore, , Singapore"
"Matthews, NC, United States"
"Kigali, Kigali City, Rwanda"
"Kampala, Central Region, Uganda"
"Lilongwe, Central Region, Malawi"
"Gulu, Northern Region, Uganda"
"Dar es Salaam, Dar es Salaam, Tanzania"
"New York, NY, United States"
"MÌÎ_nchen, BY, Deutschland"
"Dar es Salaam, Dar es Salaam, Tanzania"
"Singida, Singida Region, Tanzania"
Kenya
"Nairobi, Nairobi County, Kenya"
"City of Sydney, NSW, Australien"
"San Francisco, CA, United States"
"Siaya, Kenya"
"Nairobi, Nairobi County, Kenya"
"Masaka, Central Region, Uganda"
"Nairobi, Nairobi County, Kenya"
"City of Sydney, NSW, Australien"
"Kigali, Kigali City, Rwanda"
"Dar es Salaam, Dar es Salaam, Tanzania"
"Chicago, IL, United States"
"Arusha, Arusha Region, Tanzania"
"Sydney, NSW, Australia"
"Gulu, Northern Region, Uganda"
"Nairobi, Nairobi County, Kenya"
"Uganda, Niger, Nigeria"
"Kampala, Central Region, Uganda"
"Kampala, Central Region, Uganda"
"Nairobi, Nairobi County, Kenya"
"Sumbawanga, Rukwa Region, Tanzania"
"Uganda, Niger, Nigeria"
"Kampala, Central Region, Uganda"
"FlorianÌÎ_polis, SC, Brasil"
"Kampala, Central Region, Uganda"
"Kampala, Central Region, Uganda"
"Kampala, Central Region, Uganda"
"Dar es Salaam, Dar es Salaam, Tanzania"
"Kigali, Kigali City, Rwanda"
"Cotonou, Littoral Department, Benin"
"Cape Town, WC, South Africa"
"Nairobi, Nairobi County, Kenya"
"City of Sydney, NSW, Australien"
"Silverthorne, CO, United States"
"Nairobi, Nairobi County, Kenya"
"Harrisburg, PA, United States"
"Entebbe Municipality, Central Region, Uganda"
"Dar es Salaam, Dar es Salaam, Tanzania"
"Dar es Salaam, Dar es Salaam, Tanzania"
"Peoria, AZ, United States"
"New York, NY, United States"
"Castrojeriz, CL, EspaÌÎå±a"
"Kampala, Central Region, Uganda"
Germany
"Dar es Salaam, Dar es Salaam, Tanzania"
"Orange, CA, United States"
"Maputo, Maputo City, Mozambique"
"Nairobi, Nairobi County, Kenya"
"Bukoba, Kagera Region, Tanzania"
"Kampala, Central Region, Uganda"
"Nairobi, Nairobi County, Kenya"
"Weston, FL, United States"
"Mombasa, Mombasa County, Kenya"
"Eldoret, Uasin Gishu County, Kenya"
"Kampala, Central Region, Uganda"
"Dar es Salaam, Dar es Salaam, Tanzania"
"Nyamata, Eastern Province, Rwanda"
"Vancouver, BC, Canada"
"Barcelona, CT, EspaÌÎå±a"
"Dar es Salaam, Dar es Salaam, Tanzania"
"Peoria, AZ, United States"
"Wingate, NC, United States"
"London, England, United Kingdom"
"Lipa, Calabarzon, Philippines"
"Dar es Salaam, Dar es Salaam, Tanzania"
"Kiswera, Central Region, Uganda"
"ZÌÎ_rich, ZH, Schweiz"
"Nairobi, Nairobi County, Kenya"
"Nairobi, Nairobi County, Kenya"
"Muncie, IN, United States"
"Wingate, NC, United States"
"Lusaka, Lusaka Province, Zambia"
"Nairobi, Nairobi County, Kenya"
"Oakland, CA, United States"
"Kampala, Central Region, Uganda"
"Berlin, Berlin, Germany"
"Arusha, Arusha Region, Tanzania"
"Kampala, Central Region, Uganda"
"London, England, United Kingdom"
"Kampala, Central Region, Uganda"
"Nairobi, Nairobi County, Kenya"
"City of Sydney, NSW, Australien"
"Nairobi, Nairobi County, Kenya"
"Nakuru, Nakuru County, Kenya"
"Nairobi, Nairobi County, Kenya"
"Nairobi, Nairobi County, Kenya"
"Kampala, Central Region, Uganda"
"Kampala, Central Region, Uganda"
"åÔ_Ì£åÕååÇåÔ_Ìâ, CA, åÔÌüÌ_ååµ_"
Tanzania
"Bogor, West Java, Indonesia"
"Maputo, Maputo City, Mozambique"
"Nairobi, Nairobi County, Kenya"
"Kampala, Central Region, Uganda"
"Monrovia, Montserrado, Liberia"
"Soroti, Eastern Region, Uganda"
"Bekasi, Jawa Barat, Indonesia"
"Nairobi, Nairobi County, Kenya"
"Zeist, UT, Netherlands"
"Nairobi, Nairobi County, Kenya"
"Washington, DC, United States"
"Durban, KZN, South Africa"
"Kampala, Central Region, Uganda"
"Kampala, Central Region, Uganda"
"Bendorf, RP, Germany"
"San Borja, Departamento de Lima, PerÌÎå_"
"Nairobi, Nairobi County, Kenya"
"Kilifi, Kilifi County, Kenya"
"Kampala, Central Region, Uganda"
"Nairobi, Nairobi County, Kenya"
"Lynn, MA, United States"
"Kampala, Central Region, Uganda"
"New York, NY, United States"
"Dar es Salaam, Dar es Salaam, Tanzania"
"Kampala, Central Region, Uganda"
"Accra, Greater Accra Region, Ghana"
"Nairobi, Nairobi County, Kenya"
"Boston, MA, United States"
"Limerick, County Limerick, Ireland"
"Kenyatta Road, Kiambu County, Kenya"
"Nairobi, Nairobi County, Kenya"
"Amsterdam, NH, Netherlands"
"Nairobi, Nairobi County, Kenya"
"City of Sydney, NSW, Australien"
"Nairobi, Nairobi County, Kenya"
"Dar es Salaam, Dar es Salaam, Tanzania"
"Nairobi, Nairobi County, Kenya"
"Ames, IA, United States"
"London, England, United Kingdom"
"BogotÌÎÌ, BogotÌÎÌ, Colombia"
"Kampala, Central Region, Uganda"
"San Francisco, CA, United States"
"Windhoek, Khomas Region, Namibia"
"Kampala, Central Region, Uganda"
"Nairobi, Nairobi County, Kenya"
"Zanzibar Town, Zanzibar Urban/West Region, Tanzania"
"Kigali, Kigali City, Rwanda"
"Kampala, Central Region, Uganda"
"Dar es Salaam, Dar es Salaam, Tanzania"
"Korogocho B Village, Nairobi County, Kenya"
"Kampala, Central Region, Uganda"
"Kampala, Central Region, Uganda"
"Kigali, Kigali City, Rwanda"
"Islamabad, Islamabad Capital Territory, Pakistan"
"Dar es Salaam, Dar es Salaam, Tanzania"
"Nairobi, Nairobi County, Kenya"
"Kampala, Central Region, Uganda"
"Manchester, NH, United States"
"Nairobi, Nairobi County, Kenya"
"Dar es Salaam, Dar es Salaam, Tanzania"
"Nairobi, Nairobi County, Kenya"
"Kampala, Central Region, Uganda"
"Nairobi, Nairobi County, Kenya"
"Kampala, Central Region, Uganda"
"San JosÌÎå©, Provincia de San JosÌÎå©, Costa Rica"
"Kampala, Central Region, Uganda"
"Butare, Southern Province, Rwanda"
"Kampala, Central Region, Uganda"
"Bolonha, EmÌÎ_lia-Romanha, ItÌÎÌlia"
"Kigali, Kigali City, Rwanda"
"Bangkok, , Thailand"
"Nairobi, Nairobi County, Kenya"
"London, England, United Kingdom"
"New York, NY, United States"
"Lahore, Punjab, Pakistan"
"Washington, DC, United States"
"Kuala Lumpur, Federal Territory of Kuala Lumpur, Malaysia"
"Greeley, CO, United States"
"Manado, North Sulawesi, Indonesia"
"Cleveland, OH, United States"
"Mumbai, MH, India"
"BogotÌÎÌ, BogotÌÎÌ, Colombia"
"Cleveland, OH, United States"
"London, England, United Kingdom"
"San Francisco, CA, United States"
"North Hills, NY, United States"
"Tulsa, OK, United States"
"Austin, TX, United States"
"Hyderabad, Telangana, India"
"Austin, TX, United States"
"San Juan Capistrano, CA, United States"
"Oakland, CA, United States"
"Atlanta, GA, United States"
"New York, NY, United States"
"Falmouth, VA, United States"
"Boston, MA, United States"
Nigeria
"Minneapolis, MN, United States"
"Kingston upon Thames, England, United Kingdom"
"Fremont, NH, United States"
"New York, NY, United States"
"Charlotte, NC, United States"
"Chennai, TN, India"
"Klamath Falls, OR, United States"
"San Francisco, CA, United States"
"Milan, Lombardy, Italy"
"Minneapolis, MN, United States"
"Carmel, NY, United States"
"Free Soil, MI, United States"
"Chennai, TN, India"
"Coronado, CA, United States"
"Oshawa, ON, Canada"
"Washington, DC, United States"
"Decatur, GA, United States"
"Las Pinas, NCR, Philippines"
"Utrecht, UT, Nederland"
"Charleston, WV, United States"
"Ouagadougou, Centre, Burkina Faso"
"City of Sydney, NSW, Australien"
"Nairobi, Nairobi County, Kenya"
"Kampala, Central Region, Uganda"
"Richmond, VA, United States"
"Cambridge, MA, United States"
"Toronto, ON, Canada"
"San Francisco, CA, United States"
"Singapore, , Singapore"
"Palo Alto, CA, United States"
"Louisville, KY, United States"
"Portland, OR, United States"
"Carrboro, NC, United States"
"Normal, IL, United States"
"Hereford, England, United Kingdom"
"Oakland, CA, United States"
"Melbourne, England, United Kingdom"
"Shanghai, Shanghai, China"
"Portage, MI, United States"
"Salalah, Dhofar Governorate, Oman"
"Chicago, IL, United States"
"Delhi, DL, India"
"San Francisco, CA, United States"
Australia
"South San Francisco, CA, United States"
"San Francisco, CA, United States"
"New Delhi, DL, India"
"Sebastopol, CA, United States"
"New York, NY, United States"
"Highland Heights, KY, United States"
"Chestermere, AB, Canada"
"Melbourne, VIC, Australia"
"San Francisco, CA, United States"
"Eindhoven, NB, Netherlands"
"Jakarta, Jakarta, Indonesia"
"Montego Bay, St. James Parish, Jamaica"
"San Francisco, CA, United States"
"Washington, DC, United States"
"Boulder, CO, United States"
"Ciudad de MÌÎå©xico, CDMX, MÌÎå©xico"
"Abuja, FCT, Nigeria"
"London, England, United Kingdom"
"Bristol, England, United Kingdom"
"Chicago, IL, United States"
"London, England, United Kingdom"
"Augusta, GA, United States"
"Los Angeles, CA, United States"
"Leiden, ZH, Netherlands"
"New York, NY, United States"
"New York, NY, United States"
"Colombia, Cundinamarca, Colombia"
"BogotÌÎÌ, BogotÌÎÌ, Colombia"
"Austin, TX, United States"
"Ottawa, ON, Canada"
"Nairobi, Nairobi County, Kenya"
"Bengaluru, KA, India"
"Modesto, CA, United States"
"BogotÌÎÌ, BogotÌÎÌ, Colombia"
"åÎååÁåÎÌ_ÌÔ, , åÎååÁååå£"
"Kakuma, Turkana County, Kenya"
"Bogra, Rajshahi Division, Bangladesh"
"Addis Ababa, Addis Ababa, Ethiopia"
"Washington, DC, United States"
"DÌÎ_sseldorf, NRW, Germany"
"BogotÌÎÌ, BogotÌÎÌ, Colombia"
"Chennai, TN, India"
"London, England, United Kingdom"
"Amman, Amman Governorate, Jordan"
"New York, NY, United States"
"Mountain View, CA, United States"
"Nairobi, Nairobi County, Kenya"
"Lahore, Punjab, Pakistan"
"Cambridge, ON, Canada"
"åÔ_Ì£åÕååÇåÔ_Ìâ, CA, åÔÌüÌ_ååµ_"
"Berkeley, CA, United States"
"BalneÌÎÌrio CamboriÌÎå_, SC, Brasil"
"Dar es Salaam, Dar es Salaam, Tanzania"
"Denver, CO, United States"
"Nairobi, Nairobi County, Kenya"
"Washington, DC, United States"
"Distrito de Lima, Departamento de Lima, PerÌÎå_"
"Bangkok, , Thailand"
"West Hollywood, CA, United States"
"Lisbon, Lisbon, Portugal"
"Kwara, Nigeria"
"Manila, NCR, Philippines"
"Chicago, IL, United States"
"Bengaluru, KA, India"
"Keyport, NJ, United States"
"Aracaju, SE, Brasil"
"San Francisco, CA, United States"
"San Francisco, CA, United States"
"MauÌÎÌ, SP, Brasil"
"Seattle, WA, United States"
"San Francisco, CA, United States"
"Bangkok, , Thailand"
"Santa Fe, NM, United States"
"New York, NY, United States"
"Dar es Salaam, Dar es Salaam, Tanzania"
"Addis Ababa, Addis Ababa, Ethiopia"
"Nairobi, Nairobi County, Kenya"
"Washington, DC, United States"
"San Mateo, CA, United States"
"City of Sydney, NSW, Australien"
"Ahmedabad, GJ, India"
"DÌÎ_sseldorf, NRW, Germany"
"Rio de Janeiro, RJ, Brasil"
"City of Sydney, NSW, Australien"
"Binangonan, Calabarzon, Philippines"
"Stanford, CA, United States"
"New York, NY, United States"
"San Francisco, CA, United States"
"Los Angeles, CA, United States"
"Detroit, MI, United States"
"San Francisco, CA, United States"
"Chihuahua, Chih., MÌÎå©xico"
"Los Angeles, CA, United States"
"BogotÌÎÌ, BogotÌÎÌ, Colombia"
"å__å»å_Ì_Ìü, , å__å»å_Ì_Ìü"
"Mendham, NJ, United States"
"London, England, United Kingdom"
"San Francisco, CA, United States"
"Manhattan Beach, CA, United States"
"New York, NY, United States"
Canada
"Birkenhead, England, United Kingdom"
"Washington, DC, United States"
"Ahmedabad, GJ, India"
"Cambridge, MA, United States"
"Washington, DC, United States"
"Oakland, CA, United States"
"Bromley, England, United Kingdom"
"Nairobi, Nairobi County, Kenya"
"McLean, VA, United States"
"Austin, TX, United States"
"Austin, TX, United States"
"Austin, TX, United States"
"Troy, MI, United States"
"New York, NY, United States"
"New York, NY, United States"
"New York, NY, United States"
"Austin, TX, United States"
"Austin, TX, United States"
"Accra, Greater Accra Region, Ghana"
"New York, NY, United States"
"San Francisco, CA, United States"
"Mumbai, MH, India"
"New York, NY, United States"
"Austin, TX, United States"
"New York, NY, United States"
"Austin, TX, United States"
"Austin, TX, United States"
"Washington, DC, United States"
"Beijing, Beijing, China"
"New York, NY, United States"
"Dallas, TX, United States"
"New York, NY, United States"
"Abu Dhabi, Abu Dhabi, United Arab Emirates"
"Harrison, NY, United States"
"Chicago, IL, United States"
"Pueblo Libre, Departamento de Lima, PerÌÎå_"
"St. Albert, AB, Canada"
"South San Francisco, CA, United States"
"New York, NY, United States"
"Austin, TX, United States"
"Austin, TX, United States"
United States
"Austin, TX, United States"
"Virginia Water, England, United Kingdom"
"San Francisco, CA, United States"
"Twickenham, England, United Kingdom"
"Wellington, Wellington, New Zealand"
"Austin, TX, United States"
"Cupertino, CA, United States"
"Austin, TX, United States"
"New York, NY, United States"
"Troy, MI, United States"
"Austin, TX, United States"
"El Segundo, CA, United States"
"New York, NY, United States"
"Manchester, England, United Kingdom"
"Austin, TX, United States"
"New York, NY, United States"
"Austin, TX, United States"
"San Francisco, CA, United States"
"Austin, TX, United States"
"Austin, TX, United States"
"New York, NY, United States"
"New York, NY, United States"
"New York, NY, United States"
"New York, NY, United States"
"Watford, England, United Kingdom"
"Ikorodu, Lagos, Nigeria"
"Austin, TX, United States"
"Annapolis, MD, United States"
"Austin, TX, United States"
"Conway, AR, United States"
"Albuquerque, NM, United States"
"Kolkata, WB, India"
"Austin, TX, United States"
"Ann Arbor, MI, United States"
"Salem, OR, United States"
"Wembley, England, United Kingdom"
"Wembley, England, United Kingdom"
"London, England, United Kingdom"
"New York, NY, United States"
"Lisbon, Lisbon, Portugal"
"Provo, UT, United States"
"New York, NY, United States"
"Sunol, CA, United States"
"London, England, United Kingdom"
"Detroit, MI, United States"
"Troy, MI, United States"
"Austin, TX, United States"
"Austin, TX, United States"
"Toronto, ON, Canada"
"Distrito de Lima, Departamento de Lima, PerÌÎå_"
"PanamÌÎÌ, PanamÌÎÌ, PanamÌÎÌ"
"Chicago, IL, United States"
"Austin, TX, United States"
"Kaunas, Kaunas County, Lithuania"
"San Francisco, CA, United States"
"Austin, TX, United States"
"Berlin, Berlin, Germany"
"Singapore, , Singapore"
"Indianapolis, IN, United States"
"New York, NY, United States"
"Orland, ME, United States"
"åÎååÁåÎÌ_ÌÔ, , åÎååÁååå£"
"Aberdeen, Scotland, United Kingdom"
"Barcelona, CT, EspaÌÎå±a"
"Dar es Salaam, Dar es Salaam, Tanzania"
Indonesia
"Dar es Salaam, Dar es Salaam, Tanzania"
"Homa Bay, Homa Bay County, Kenya"
"Washington, DC, United States"
"Winchester, MA, United States"
"Accra, Greater Accra Region, Ghana"
"Branford, CT, United States"
"BogotÌÎÌ, BogotÌÎÌ, Colombia"
"New York, NY, United States"
"New York, NY, United States"
"City of Sydney, NSW, Australien"
"Austin, TX, United States"
"Durham, NC, United States"
"Princeton, NJ, United States"
"New York, NY, United States"
"City of Sydney, NSW, Australien"
"New York, NY, United States"
"Charlotte, NC, United States"
"New York, NY, United States"
"Troy, MI, United States"
"Makurdi, Benue, Nigeria"
"Austin, TX, United States"
"Ho Chi Minh City, Ho Chi Minh, Vietnam"
"City of Sydney, NSW, Australien"
"Singapore, , Singapore"
"City of Sydney, NSW, Australien"
"Austin, TX, United States"
"London, England, United Kingdom"
"Kansas City, KS, United States"
"Austin, TX, United States"
"Houston, TX, United States"
"Boston, MA, United States"
"Kissimmee, FL, United States"
"Troy, MI, United States"
"Jinja, Eastern Region, Uganda"
"New York, NY, United States"
"Austin, TX, United States"
"Austin, TX, United States"
"Milwaukee, WI, United States"
"åÎååÁåÎÌ_ÌÔ, , åÎååÁååå£"
"Philadelphia, PA, United States"
"City of Sydney, NSW, Australien"
"Melbourne, VIC, Australia"
"Redwood City, CA, United States"
"Conakry, Conakry, Guinea"
"Faisalabad, Punjab, Pakistan"
"Belmont, CA, United States"
"Belmont, CA, United States"
"Neuilly-sur-Seine, ÌÎ_le-de-France, France"
"Berkel en Rodenrijs, ZH, Nederland"
"Minneapolis, MN, United States"
"BogotÌÎÌ, BogotÌÎÌ, Colombia"
"CA, å__åÎÌ_"
"CA, å__åÎÌ_"
"Belmont, CA, United States"
"San Carlos, CA, United States"
"Hillsborough, CA, United States"
"San Francisco, CA, United States"
"New York, NY, United States"
"Sydney, NSW, Australia"
"New York, NY, United States"
"Gurugram, HR, India"
"Los Angeles, CA, United States"
"Richmond, VA, United States"
"Belmont, CA, United States"
"Lazio, Italy"
"Maplewood, MN, United States"
"Somerville, MA, United States"
"Boston, MA, United States"
"New York, NY, United States"
"Bakersfield, CA, United States"
"Chennai, TN, India"
"Belmont, CA, United States"
"Boston, MA, United States"
"Douglasville, GA, United States"
"Gurugram, HR, India"
"Austin, TX, United States"
"Troy, MI, United States"
"Nairobi, Nairobi County, Kenya"
"Kampala, Central Region, Uganda"
"London, England, United Kingdom"
"Montserrado, Liberia"
"Dar es Salaam, Dar es Salaam, Tanzania"
"Tnuvot, Center District, Israel"
"Bengaluru, KA, India"
"Dimapur, NL, India"
"Shepherdstown, WV, United States"
"Western Region, Uganda"
"Rotterdam, ZH, Netherlands"
"Vaasa, , Finland"
Nigeria
Ghana
"Nakuru, Nakuru County, Kenya"
"Belmont, CA, United States"
"Mentor, OH, United States"
"Irvine, CA, United States"
"Accra, Greater Accra Region, Ghana"
"South Bend, IN, United States"
"City of Sydney, NSW, Australien"
"New York, NY, United States"
"New York, NY, United States"
"Belmont, CA, United States"
"San Francisco, CA, United States"
"San Rafael, CA, United States"
"Sausalito, CA, United States"
"Belas, Luanda Province, Angola"
"Ithaca, NY, United States"
"Portland, OR, United States"
"Toronto, ON, Canada"
"Long Beach, CA, United States"
"Belmont, CA, United States"
"Sofia, Sofia City Province, Bulgaria"
"Belmont, CA, United States"
"City of Sydney, NSW, Australien"
"Ashburn, VA, United States"
"City of Sydney, NSW, Australien"
"Philadelphia, PA, United States"
"New Delhi, DL, India"
"Tlaxcalancingo, Pue., Mexico"
"Philadelphia, PA, United States"
"Santiago de Surco, Lima, PerÌÎå_"
"New York, NY, United States"
"Brookline, MA, United States"
"Lagos, Lagos, Nigeria"
"Mafinga, Iringa Region, Tanzania"
"Honolulu, HI, United States"
"City of Sydney, NSW, Australien"
"Greenville, NC, United States"
"San Francisco, CA, United States"
"London, England, United Kingdom"
"Belmont, CA, United States"
"Singapore, , Singapore"
"Golden, CO, United States"
"Boston, MA, United States"
"Aguascalientes, Ags., MÌÎå©xico"
"Auburn Hills, MI, United States"
"Nairobi, Nairobi County, Kenya"
"Stuttgart, BW, Germany"
"Warrior, AL, United States"
"Antwerp, Flanders, Belgium"
"San Francisco, CA, United States"
"Mumbai, MH, India"
"London, England, United Kingdom"
"Cairo, Cairo Governorate, Egypt"
"Atlanta, GA, United States"
"Oakland, CA, United States"
"Nairobi, Nairobi County, Kenya"
"New York, NY, United States"
"Boise, ID, United States"
"New York, NY, United States"
"Santa Cruz, CA, United States"
"Durham, NC, United States"
"Singapore, , Singapore"
"San Diego, CA, United States"
"Fort Worth, TX, United States"
"MA, United States"
"London, England, United Kingdom"
"New York, NY, United States"
"San Francisco, CA, United States"
Malaysia
"Morne-ÌÎÌİ-l'Eau, Grande-Terre, Guadeloupe"
"Notre Dame, IN, United States"
"Washington, DC, United States"
"City of Sydney, NSW, Australien"
"Sausalito, CA, United States"
"San Francisco, CA, United States"
"San Lorenzo, Departamento Central, Paraguay"
"MÌÎ_nchen, BY, Deutschland"
"New Haven, CT, United States"
"San Anselmo, CA, United States"
"Pleasant Hill, CA, United States"
"Oakland, CA, United States"
"City of Sydney, NSW, Australien"
"College Station, TX, United States"
"Belagavi, KA, India"
"Belmont, CA, United States"
"Nairobi, Nairobi County, Kenya"
"Richmond, VA, United States"
"å_å__åÎÌÊÌüåÌÛåÈå_å__, CA, å__åÎÌ_"
"Belmont, CA, United States"
"Richmond, VA, United States"
"Westerville, OH, United States"
"Richmond, VA, United States"
"Dublin, County Dublin, Ireland"
"London, England, United Kingdom"
"Nairobi, Nairobi County, Kenya"
"Heber City, UT, United States"
"Sacramento, CA, United States"
"Hermosillo, Son., Mexico"
"Jersey City, NJ, United States"
"Harare, Harare Province, Zimbabwe"
"Central Region, Malawi"
"Auckland, Auckland, New Zealand"
"Oakland, CA, United States"
"Berlin, Berlin, Germany"
"Santa Clara, CA, United States"
"Minneapolis, MN, United States"
"San Francisco, CA, United States"
"Ithaca, NY, United States"
"Boston, MA, United States"
"Cape Town, WC, South Africa"
"Pocitos, Ags., Mexico"
"New Haven, CT, United States"
"Milan, Lombardy, Italy"
"Menlo Park, CA, United States"
"Belmont, CA, United States"
"San Francisco, CA, United States"
"Pune, MH, India"
"Bangkok, , Thailand"
"Yogyakarta, Jogja, Indonesia"
"Nairobi, Nairobi County, Kenya"
"Boston, MA, United States"
"Aguascalientes, Ags., MÌÎå©xico"
"San Francisco, CA, United States"
"San Francisco, CA, United States"
"BogotÌÎÌ, BogotÌÎÌ, Colombia"
"Bainbridge Island, WA, United States"
"Los Angeles, CA, United States"
"New York, NY, United States"
"Raleigh, NC, United States"
"Bengaluru, KA, India"
"Salt Lake City, UT, United States"
"New York, NY, United States"
"Christchurch, Canterbury, New Zealand"
"Grand Rapids, MI, United States"
"Singapore, , Singapore"
India
"City of Sydney, NSW, Australien"
"Highworth, England, United Kingdom"
"Brussels, Brussels, Belgium"
"Bengaluru, KA, India"
"Brookline, MA, United States"
"Toronto, ON, Canada"
"San Francisco, CA, United States"
"Boston, MA, United States"
"Oakland, CA, United States"
"Seattle, WA, United States"
"San Francisco, CA, United States"
"San Borja, Departamento de Lima, PerÌÎå_"
"New Delhi, DL, India"
"New York, NY, United States"
"East Grand Rapids, MI, United States"
"Melbourne, VIC, Australien"
"Budapest, Budapest, Hungary"
"New Brunswick, NJ, United States"
"Belgrade, , Serbia"
"Indianapolis, IN, United States"
"San Francisco, CA, United States"
"Boston, MA, United States"
"Toronto, ON, Canada"
"New York, NY, United States"
"Oakland, CA, United States"
"Boulder, CO, United States"
"San Francisco, CA, United States"
"SÌÎå£o Paulo, SP, Brasil"
"Blacksburg, VA, ÌÎÌ_tats-Unis"
"Boston, MA, United States"
"Bengaluru, KA, India"
"New York, NY, United States"
"åÔ_Ì£åÕååÇåÔ_Ìâ, CA, åÔÌüÌ_ååµ_"
"New York, NY, United States"
"Shanghai, Shanghai, China"
"Miraflores, Provincia de Lima, PerÌÎå_"
"London, England, United Kingdom"
"London, England, United Kingdom"
"Calgary, AB, Canada"
"Bengaluru, KA, India"
"Buffalo, NY, United States"
"Montreal, QC, Canada"
"Minneapolis, MN, United States"
"BogotÌÎÌ, BogotÌÎÌ, Colombia"
"Maynooth, County Kildare, Ireland"
"New York, NY, United States"
"BogotÌÎÌ, BogotÌÎÌ, Colombia"
"MÌÎ_nchen, BY, Deutschland"
"Muir Beach, CA, United States"
"Portland, OR, United States"
"New York, NY, United States"
"åÔ_Ì£åÕååÇåÔ_Ìâ, CA, åÔÌüÌ_ååµ_"
"Bee Cave, TX, United States"
"Boulder, CO, United States"
"Oakland, CA, United States"
"San Francisco, CA, United States"
"London, England, United Kingdom"
"Anacortes, WA, United States"
"New Delhi, DL, India"
"Mumbai, MH, India"
"Berlin, Berlin, Germany"
"Boulder, CO, United States"
"DeLand, FL, United States"
"Wellington, Wellington, New Zealand"
"San Francisco, CA, United States"
"Oakland, CA, United States"
"Belmont, CA, United States"
"Webster, NY, United States"
"San Francisco, CA, United States"
"London, England, United Kingdom"
"Richmond, VA, United States"
"Oakland, CA, United States"
"New York, NY, United States"
"Las Lajas, PanamÌÎÌ, Panama"
"London, England, United Kingdom"
"Toronto, ON, Canada"
"Oakland, CA, United States"
"Edison, NJ, United States"
"Mumbai, MH, India"
"New York, NY, United States"
"London, England, United Kingdom"
"New York, NY, United States"
"Pune, MH, India"
"Washington, DC, United States"
"New York, NY, United States"
Uganda
"London, England, United Kingdom"
"Melbourne, VIC, Australia"
"Amsterdam, NH, Netherlands"
"Bengaluru, KA, India"
"Gainesville, FL, United States"
"Colombo, WP, Sri Lanka"
"Oakland, CA, United States"
"Assen, DR, Netherlands"
"Oakland, CA, United States"
"åÛåÁstanbul, åÛåÁstanbul, TÌÎ_rkiye"
"Palo Alto, CA, United States"
"San Francisco, CA, United States"
"Minneapolis, MN, United States"
"Onitsha, Anambra, Nigeria"
"Madrid, Community of Madrid, Spain"
"Kampala, Central Region, Uganda"
"Boston, MA, United States"
"Doral, FL, United States"
"La Crosse, WI, United States"
"Cambridge, MA, United States"
"Hammond, IN, United States"
"Dayton, OH, United States"
"Los Angeles, CA, United States"
"Roma, Lazio, Italia"
"Johannesburg, GP, South Africa"
"Berlin, Berlin, Germany"
"Johannesburg, GP, South Africa"
"Boston, MA, United States"
"åÔ_Ì£åÕååÇåÔ_Ìâ, CA, åÔÌüÌ_ååµ_"
"Ghent, Flanders, Belgium"
"New York, NY, United States"
"Ahmedabad, GJ, India"
"Cambridge, MA, United States"
"Stafford, TX, United States"
"London, England, United Kingdom"
"Minneapolis, MN, United States"
"Johannesburg, GP, South Africa"
"Freiburg, BW, Germany"
"New York, NY, United States"
"Gurugram, HR, India"
"Islamabad, Islamabad Capital Territory, Pakistan"
"Boston, MA, United States"
"Barcelona, CT, EspaÌÎå±a"
"Austin, TX, United States"
"Johannesburg, GP, South Africa"
"Taifa, Greater Accra Region, Ghana"
"Peshawar, N.W.F.P, Pakistan"
"Juba, Central Equatoria, South Sudan"
"Toronto, ON, Canada"
"Maple Grove, MN, United States"
"Stockholm, Stockholms lÌÎ_n, Sverige"
"Sydney, NSW, Australia"
"Oakland, CA, United States"
"Dhaka, Dhaka Division, Bangladesh"
"Dar es Salaam, Dar es Salaam, Tanzania"
"Colombo, WP, Sri Lanka"
"Nairobi, Nairobi County, Kenya"
"Austin, TX, United States"
"Buenos Aires, CABA, Argentina"
"Chartwell, GP, South Africa"
"Boston, MA, United States"
"Beijing, Beijing, China"
"Ann Arbor, MI, United States"
"Nairobi, Nairobi County, Kenya"
"Boston, MA, United States"
"Concord, MA, United States"
"New York, NY, United States"
"Miami, FL, United States"
"Davis, CA, United States"
"Kigali, Kigali City, Rwanda"
"Ciudad de MÌÎå©xico, CDMX, MÌÎå©xico"
"New York, NY, United States"
"New York, NY, United States"
"New York, NY, United States"
"Gilbert, AZ, United States"
"New York, NY, United States"
"Winston-Salem, NC, United States"
"Washington, DC, United States"
"New York, NY, United States"
"Emeryville, CA, United States"
"San Francisco, CA, United States"
"Cambridge, MA, United States"
"åÔ_Ì£åÕååÇåÔ_Ìâ, CA, åÔÌüÌ_ååµ_"
"Oakland, CA, United States"
"San Francisco, CA, United States"
"Toronto, ON, Canada"
"Stockholm, Stockholms lÌÎ_n, Suedia"
"Quincy, MA, United States"
"Oakland, CA, United States"
"New York, NY, United States"
"Yuma, AZ, United States"
"Sydney, NSW, Australia"
"Austin, TX, United States"
"Colorado Springs, CO, United States"
"Washington, DC, United States"
"New York, NY, United States"
"Hobart, TAS, Australia"
"Reston, VA, United States"
"New York, NY, United States"
"Sydney, NSW, Australia"
"Seattle, WA, United States"
"Atlanta, GA, United States"
"New York, NY, United States"
"Tijuana, B.C., Mexico"
"ItajubÌÎÌ, MG, Brasil"
"Mombasa, Mombasa County, Kenya"
"Madrid, Community of Madrid, Spain"
"West Lafayette, IN, United States"
"New York, NY, United States"
"Pittsburgh, PA, United States"
"Maynooth, County Kildare, Ireland"
"Cambridge, MA, United States"
"KÌÎÌ_benhavn, Hovedstaden, Danmark"
"Mansfield, OH, United States"
"Guwahati, AS, India"
"Tacoma, WA, United States"
"Kolkata, WB, India"
"Los Angeles, CA, United States"
"Oakland, CA, United States"
"Okmulgee, OK, United States"
"Voula, Attica region, Greece"
"Aurora, IL, United States"
"Boston, MA, United States"
"Medford, MA, United States"
"San Francisco, CA, United States"
"Singapore, , Singapore"
"Catonsville, MD, United States"
"London, England, United Kingdom"
"Kendall, FL, United States"
"Providence, RI, United States"
"Cambridge, MA, United States"
"Miami, FL, United States"
"KlaipåÛÌÔda, KlaipåÛÌÔda County, Lithuania"
"Mountain View, CA, United States"
"San Francisco, CA, United States"
"ItajubÌÎÌ, MG, Brasil"
"Beirut, Beirut Governorate, Lebanon"
"Atlanta, GA, United States"
"Fremont, CA, United States"
"Mountain View, CA, United States"
"Atlanta, GA, United States"
"Boston, MA, United States"
"San Francisco, CA, United States"
"New London, CT, United States"
"New York, NY, United States"
"KlaipåÛÌÔda, KlaipåÛÌÔda County, Lithuania"
"Fishers, IN, United States"
"Waukesha, WI, United States"
"San Francisco, CA, United States"
"Philadelphia, PA, United States"
"Palo Alto, CA, United States"
"Framingham, MA, United States"
"Detroit, MI, United States"
"Washington, DC, United States"
"San Francisco, CA, United States"
"Nantes, Pays de la Loire, France"
"Palo Alto, CA, United States"
"Palo Alto, CA, United States"
"New York, NY, United States"
"Issy-les-Moulineaux, ÌÎ_le-de-France, France"
"New York, NY, United States"
"Atlanta, GA, United States"
"New York, NY, United States"
"San Francisco, CA, United States"
"New York, NY, United States"
"Taylor, MI, United States"
"New York, NY, United States"
"Chicago, IL, United States"
"New York, NY, United States"
"New York, NY, United States"
"New York, NY, United States"
"New York, NY, United States"
"San Francisco, CA, United States"
"Houston, TX, United States"
"Boston, MA, United States"
"New York, NY, United States"
"Oakland, CA, United States"
"Oakland, CA, United States"
"Oakland, CA, United States"
"Oakland, CA, United States"
"Oakland, CA, United States"
"Oakland, CA, United States"
"Westerville, OH, United States"
"Lusaka, Lusaka Province, Zambia"
"Kigali, Kigali City, Rwanda"
"Dar es Salaam, Dar es Salaam, Tanzania"
"San Francisco, CA, United States"
"Kathmandu, Central Development Region, Nepal"
"Badagry, Lagos, Nigeria"
"Chittagong, Chittagong Division, Bangladesh"
"San Francisco, CA, United States"
"Kathmandu, Central Development Region, Nepal"
"Harare, Harare Province, Zimbabwe"
"Bristol, England, United Kingdom"
"Fairfield, CA, United States"
"Bristol, England, United Kingdom"
"Islamabad, Islamabad Capital Territory, Pakistan"
"Harare, Harare Province, Zimbabwe"
Djibouti
"Torquay - Jan Juc, VIC, Australia"
"Kathmandu, Central Development Region, Nepal"
"Centurion, GP, South Africa"
"Abuja, FCT, Nigeria"
"Obuasi, Ashanti Region, Ghana"
"Kathmandu, Central Development Region, Nepal"
"Kathmandu, Central Development Region, Nepal"
"New Delhi, DL, India"
"_ÌÓ_Ì_åãÌ¦_å__åµ_å_, _å_åãÌã__åãå_å__åÁåãå ___å±_Ìö_åÁåãååãÌ¢åãÌ_, ___Ì_åãÌİ___Ì__ÌÁ_Ì_åãå"
"Evesham, England, United Kingdom"
"Harare, Harare Province, Zimbabwe"
"Ikorodu, Lagos, Nigeria"
"Iganga, Eastern Region, Uganda"
"Harare, Harare Province, Zimbabwe"
"Ikeja, Lagos, Nigeria"
"Gaborone, South-East District, Botswana"
"Harare, Harare Province, Zimbabwe"
"Harare, Harare Province, Zimbabwe"
"San Francisco, CA, United States"
"Cape Town, WC, South Africa"
"London, England, United Kingdom"
"London, England, United Kingdom"
"Nairobi, Nairobi County, Kenya"
"Tongi, Dhaka Division, Bangladesh"
"Lagos, Lagos, Nigeria"
"Lilongwe, Central Region, Malawi"
"Kigali, Kigali City, Rwanda"
"Abuja, FCT, Nigeria"
"Revere, MA, United States"
"Dar es Salaam, Dar es Salaam, Tanzania"
"Kigali, Kigali City, Rwanda"
"Juba, Central Equatoria, South Sudan"
"Nairobi, Nairobi County, Kenya"
"Niger, Nigeria"
"Patan, Central Development Region, Nepal"
"Lekki, Lagos, Nigeria"
"Kathmandu, Central Development Region, Nepal"
"Nagarjun, Central Development Region, Nepal"
"Potomac, MD, United States"
"Dhaka, Dhaka Division, Bangladesh"
"_åÈ_Ì _å_ÌÓ_å»_ÌÓ _å»___å´, ___ÌÔ_å´_Ì _åÈ_Ì _å_ÌÓ_å»_ÌÓ, _å»_å©_åÂ_å_Ì"
"Port Harcourt, Rivers, Nigeria"
"Kogi, Nigeria"
"Harare, Harare Province, Zimbabwe"
"Kigali, Kigali City, Rwanda"
"Masvingo, Masvingo Province, Zimbabwe"
"Lagos, Lagos, Nigeria"
"Ogbomosho, Oyo, Nigeria"
"Dhaka, Dhaka Division, Bangladesh"
"Ruhengeri, Northern Province, Rwanda"
"Dar es Salaam, Dar es Salaam, Tanzania"
"Dar es Salaam, Dar es Salaam, Tanzania"
"Vancouver, BC, Canada"
"Spokane, WA, United States"
"Kampala, Central Region, Uganda"
"Budhanilkantha, Central Development Region, Nepal"
"San Francisco, CA, United States"
"San Diego, CA, United States"
"Kigali, Kigali City, Rwanda"
"Abuja, FCT, Nigeria"
"Arusha, Arusha Region, Tanzania"
"Chicago, IL, United States"
"Harare, Harare Province, Zimbabwe"
"Dar es Salaam, Dar es Salaam, Tanzania"
"Warri, Delta, Nigeria"
"Ibadan, Oyo, Nigeria"
"Ibadan, Oyo, Nigeria"
"Lusaka, Lusaka Province, Zambia"
"Kathmandu, Central Development Region, Nepal"
"Kathmandu, Central Development Region, Nepal"
"Porto Alegre, RS, Brasil"
"Harare, Harare Province, Zimbabwe"
"Dar es Salaam, Dar es Salaam, Tanzania"
"Abuja, FCT, Nigeria"
"Quincy, MA, United States"
"Dar es Salaam, Dar es Salaam, Tanzania"
"Boston, MA, United States"
"Arusha, Arusha Region, Tanzania"
"Amsterdam, NH, Netherlands"
"London, England, United Kingdom"
"Kathmandu, Central Development Region, Nepal"
"Kigali, Kigali City, Rwanda"
"Port Harcourt, Rivers, Nigeria"
"San Francisco, CA, United States"
"Kampala, Central Region, Uganda"
"London, England, United Kingdom"
"Amsterdam, NH, Netherlands"
___Ì_åãÌİ___Ì__ÌÁ_Ì_åãå
"Gberigbe, Lagos, Nigeria"
"Amsterdam, NH, Netherlands"
"Amsterdam, NH, Netherlands"
"Amsterdam, NH, Netherlands"
"Amsterdam, NH, Netherlands"
"Kampala, Central Region, Uganda"
"Amsterdam, NH, Netherlands"
"Amsterdam, NH, Netherlands"
"Amsterdam, NH, Netherlands"
"Homa Bay, Homa Bay County, Kenya"
Tanzania
"Amsterdam, NH, Netherlands"
"Harare, Harare Province, Zimbabwe"
"Amsterdam, NH, Netherlands"
"Amsterdam, NH, Netherlands"
"Blantyre, Southern Region, Malawi"
"Lilongwe, Central Region, Malawi"
"Lagos, Lagos, Nigeria"
"Chingola, Copperbelt Province, Zambia"
"Lagos, Lagos, Nigeria"
"Dar es Salaam, Dar es Salaam, Tanzania"
"Suchitoto, CuscatlÌÎÌn Department, El Salvador"
"Columbus, OH, United States"
"Mukwonago, WI, United States"
"Forest Lake, MN, United States"
"Lagos, Lagos, Nigeria"
"Chennai, TN, India"
"Kampala, Central Region, Uganda"
"Bamako, Bamako District, Mali"
"East Saint Louis, IL, United States"
"Amherst, MA, United States"
"Johannesburg, GP, South Africa"
"London, England, United Kingdom"
"San Francisco, CA, United States"
"Portland, OR, United States"
"Eden Prairie, MN, United States"
"BogotÌÎÌ, BogotÌÎÌ, Colombia"
"Langley, WA, United States"
"Berkeley, CA, United States"
"Syracuse, NY, United States"
"Kano, Kano, Nigeria"
"Budapest, Budapest, Hungary"
"Lakeville, MN, United States"
"Arusha, Arusha Region, Tanzania"
"Tanga, Tanga Region, Tanzania"
"Lagos, Lagos, Nigeria"
"Bulawayo, Bulawayo Province, Zimbabwe"
"Lafia, Nasarawa, Nigeria"
"Kathmandu, Central Development Region, Nepal"
"Accra, Greater Accra Region, Ghana"
"Freetown, Western Area, Sierra Leone"
"Portsmouth, England, United Kingdom"
"Cape Town, WC, South Africa"
"Cape Town, WC, South Africa"
"London, England, United Kingdom"
"Lilongwe, Central Region, Malawi"
"Tamale, Northern Region, Ghana"
"Nairobi, Nairobi County, Kenya"
"Chehalis, WA, United States"
"Kampala, Central Region, Uganda"
"Arlington, VA, United States"
"BogotÌÎÌ, BogotÌÎÌ, Colombia"
"Bloomington, MN, United States"
"Castries, Castries, Saint Lucia"
"Jerusalem, Jerusalem District, Israel"
"Oxford, England, United Kingdom"
"Soroti, Eastern Region, Uganda"
"Barranquilla, AtlÌÎÌntico, Colombia"
"BogotÌÎÌ, BogotÌÎÌ, Colombia"
"Minneapolis, MN, United States"
"Boston, MA, United States"
"Washington, DC, United States"
"Minneapolis, MN, United States"
"Wayzata, MN, United States"
"Arlington, MA, United States"
"MalÌÎå©, Male, Maldives"
"Berkeley, CA, United States"
"Barranquilla, AtlÌÎÌntico, Colombia"
"BogotÌÎÌ, BogotÌÎÌ, Colombia"
"Minneapolis, MN, United States"
"San Francisco, CA, United States"
"GenÌÎåÂve, GE, Suisse"
"Blantyre, Southern Region, Malawi"
"Rockford, IL, United States"
"Sacramento, CA, United States"
"Cap-Haitien, Nord Department, Haiti"
"Chehalis, WA, United States"
"Lagos, Lagos, Nigeria"
"Minneapolis, MN, United States"
"Quito, Pichincha, Ecuador"
"Hagerstown, MD, United States"
"YaoundÌÎå©, Centre, Cameroon"
"Jonesborough, TN, United States"
"La Paz, La Paz Department, Bolivia"
"Los Angeles, CA, United States"
Norge
"Montreal, QC, Canada"
"Abuja, FCT, Nigeria"
"YaoundÌÎå©, Centre, Cameroon"
"Nairobi, Nairobi County, Kenya"
"South Gate, CA, United States"
"Honolulu, HI, United States"
"BogotÌÎÌ, BogotÌÎÌ, Colombia"
"BogotÌÎÌ, BogotÌÎÌ, Colombia"
"Nairobi, Nairobi County, Kenya"
"Tanzania, Western Region, Ghana"
"Washington, DC, United States"
"Kampala, Central Region, Uganda"
"Boston, MA, United States"
"åÒÌåÂåÒ__åÕ_Ì_åÔå_åÕÌÒ_åÒÌÔå£, IN, åÔÌüÌ_ååµ_"
"Kathmandu, Central Development Region, Nepal"
"Mwanza, Mwanza Region, Tanzania"
"ChÌÎ_a, Cundinamarca, Colombia"
"Kathmandu, Central Development Region, Nepal"
"Berkeley, CA, United States"
"Washington, DC, United States"
"London, England, United Kingdom"
"Bethesda, MD, United States"
"Providence, RI, United States"
"Kampala, Central Region, Uganda"
"Lusaka, Lusaka Province, Zambia"
"Sydney, NSW, Australia"
"Phoenix, AZ, United States"
"Abuja, FCT, Nigeria"
"Agbor, Delta, Nigeria"
"Isoka, Northern Province, Zambia"
"Johannesburg, GP, South Africa"
"Toronto, ON, Canada"
"Lagos, Lagos, Nigeria"
"Kumasi, Ashanti Region, Ghana"
"Bangkok, , Thailand"
"Caracas, Dto. Capital, Venezuela"
"Ibadan, Oyo, Nigeria"
"City of Sydney, NSW, Australien"
"Bengaluru, KA, India"
"Cape Town, WC, South Africa"
"Harare, Harare Province, Zimbabwe"
"Karyabinayak, Central Development Region, Nepal"
"Lusaka, Lusaka Province, Zambia"
"Kirtipur, Central Development Region, Nepal"
"Abuja, FCT, Nigeria"
"Bukoba, Kagera Region, Tanzania"
"Lagos, Lagos, Nigeria"
"Milan, Lombardy, Italy"
"Naivasha, Nakuru County, Kenya"
"Lisbon, Lisbon, Portugal"
"Kigali, Kigali City, Rwanda"
"Lagos, Lagos, Nigeria"
"Nairobi, Nairobi County, Kenya"
"Nairobi, Nairobi County, Kenya"
"Vancouver, BC, Canada"
"Dar es Salaam, Dar es Salaam, Tanzania"
"Islamabad, Islamabad Capital Territory, Pakistan"
"Bukoba, Kagera Region, Tanzania"
"Centurion, GP, South Africa"
"Los Angeles, CA, United States"
"Zanzibar, Mkoa wa Unguja Mjini Magharibi, Tanzania"
"Kathmandu, Central Development Region, Nepal"
"Minneapolis, MN, United States"
"Kigali, Kigali City, Rwanda"
"Kingston, St. Andrew Parish, Jamaica"
"_Ì¥__åãÌİ___Ì_åãÌÊ_åµ__åãÌ_, _ÌåãÌ¢åãÌİ_åÁåãÌ¦_åµ__åãå_å__Ì___ åãÌİ_åÁ______, _Ì___Ìö_åÇ_____åÁ"
"Abuja, FCT, Nigeria"
"Lagos, Lagos, Nigeria"
"Kano, Kano, Nigeria"
"Boca Raton, FL, United States"
"Ottawa, ON, Canada"
"Abuja, FCT, Nigeria"
"åÒÌ£ÌåÒ_Ì_åÕ__åÔ_Ì£åÒÌÏÌ, , åÔÌ_ÌİåÕå´ÌåÔÌü_ååµ_"
"Lagos, Lagos, Nigeria"
"Kathmandu, Central Development Region, Nepal"
"Kathmandu, Central Development Region, Nepal"
"Lagos, Lagos, Nigeria"
"Kigali, Kigali City, Rwanda"
"Dar es Salaam, Dar es Salaam, Tanzania"
"Peshawar, N.W.F.P, Pakistan"
"Cape Town, WC, South Africa"
"Kathmandu, Central Development Region, Nepal"
"New Delhi, DL, India"
"Nairobi, Nairobi County, Kenya"
"Abuja, FCT, Nigeria"
"Lagos, Lagos, Nigeria"
"Addis Ababa, Addis Ababa, Ethiopia"
"Kathmandu, Central Development Region, Nepal"
"Abuja, FCT, Nigeria"
"Tanga, Tanga Region, Tanzania"
"Hyderabad, Sindh, Pakistan"
"Cape Town, WC, South Africa"
"Nairobi, Nairobi County, Kenya"
Afghanistan
"Bagamoyo, Pwani Region, Tanzania"
"Mwanza, Mwanza Region, Tanzania"
"Lusaka, Lusaka Province, Zambia"
"Haywards Heath, England, United Kingdom"
"Genda, Dhaka Division, Bangladesh"
"Medford, OR, United States"
"Belmont, CA, United States"
"BogotÌÎÌ, BogotÌÎÌ, Colombia"
"Shanghai, Shanghai, China"
"Quito, Pichincha, Ecuador"
"New Lebanon, NY, United States"
"Cornville, AZ, United States"
"New Delhi, DL, India"
"Coyhaique, XI RegiÌÎ_n, Chile"
"New York, NY, United States"
"San Francisco, CA, United States"
"Sarajevo, Federation of Bosnia and Herzegovina, Bosnia and Herzegovina"
"Chennai, TN, India"
"Nairobi, Nairobi County, Kenya"
"London, England, United Kingdom"
"Amsterdam, NH, Netherlands"
"Nairobi, Nairobi County, Kenya"
"Richmond, VA, United States"
"Somerville, MA, United States"
"Boulder, CO, United States"
"Harare, Harare Province, Zimbabwe"
"Porto Alegre, RS, Brasil"
"Santiago de QuerÌÎå©taro, Qro., MÌÎå©xico"
"MedellÌÎ_n, Antioquia, Colombia"
"New York, NY, United States"
"BogotÌÎÌ, BogotÌÎÌ, Colombia"
"BogotÌÎÌ, BogotÌÎÌ, Colombia"
"åÔ_Ì£åÕååÇåÔ_Ìâ, CA, åÔÌüÌ_ååµ_"
"Kathmandu, Central Development Region, Nepal"
"Menlo Park, CA, United States"
"Cape Town, WC, South Africa"
"Mumbai, MH, India"
"Lviv, Lviv Oblast, Ukraine"
"Amsterdam, NH, Netherlands"
"Saint Paul, MN, United States"
"Chillum, MD, United States"
"Washington, DC, United States"
"New York, NY, United States"
"Washington, DC, United States"
"Johannesburg, GP, South Africa"
"Silver Spring, MD, United States"
"Abuja, FCT, Nigeria"
"New York, NY, United States"
"Minneapolis, MN, United States"
"Islamabad, Islamabad Capital Territory, Pakistan"
"Kathmandu, Central Development Region, Nepal"
"Cape Town, WC, South Africa"
"Santa Cruz, CA, United States"
"Washington, DC, United States"
"Washington, DC, United States"
"San Diego, CA, United States"
"Azare, Bauchi, Nigeria"
"MÌÎÌlaga, AL, EspaÌÎå±a"
"New York, NY, United States"
"Dubai, Dubai, United Arab Emirates"
Tanzania
"Ham Lake, MN, United States"
"San Jose, CA, United States"
"Minneapolis, MN, United States"
"Santa Clara, CA, United States"
"Minneapolis, MN, United States"
"MedellÌÎ_n, Antioquia, Colombia"
"Rio de Janeiro, RJ, Brasil"
"BogotÌÎÌ, BogotÌÎÌ, Colombia"
"Oakland, CA, United States"
"_ÌÓ_Ì_åãÌ¦_å__åµ_å_, _å_åãÌã__åãå_å__åÁåãå ___å±_Ìö_åÁåãååãÌ¢åãÌ_, ___Ì_åãÌİ___Ì__ÌÁ_Ì_åãå"
"London, England, United Kingdom"
"Nairobi, Nairobi County, Kenya"
"Palo Alto, CA, United States"
"Washington, DC, United States"
"Minneapolis, MN, United States"
"Washington, DC, United States"
"Dayton, OH, United States"
"Berlin, Berlin, Germany"
"Port-au-Prince, Ouest Department, Haiti"
"Pikesville, MD, United States"
"BogotÌÎÌ, BogotÌÎÌ, Colombia"
"Oakland, CA, United States"
"BogotÌÎÌ, BogotÌÎÌ, Colombia"
"London, England, United Kingdom"
"Cambridge, MA, United States"
"Clapham, England, United Kingdom"
"Minneapolis, MN, United States"
"Halifax, NS, Canada"
"Santos, SP, Brazil"
"Los Teques, Miranda, Venezuela"
"New York, NY, United States"
"Managua, MN, Nicaragua"
"Cuenca, Azuay, Ecuador"
"Cambridge, MA, United States"
"Washington, DC, United States"
"Victoria, BC, Canada"
"åÒå´Ì£åÔ_Ì£åÒ_å«, åÔå_ååµÌâåÔÌ£_åÒ__, åÒ_ÌÒåÕ_Ì_åÔÌÒÌÒåÔå_ÌİåÒå´Ì£åÔå«åÇ"
"Washington, DC, United States"
"Carmel-by-the-Sea, CA, United States"
"New York, NY, United States"
"Pornic, Pays de la Loire, France"
"SÌÎå£o Bernardo do Campo, SP, Brasil"
"Charleston, SC, United States"
"Winchester, England, United Kingdom"
"Vienna, Vienna, Austria"
"Kampala, Central Region, Uganda"
"Bangkok, , Thailand"
"BogotÌÎÌ, BogotÌÎÌ, Colombia"
"Acton, MA, United States"
"Lagos, Lagos, Nigeria"
"Guatemala, Guatemala, Guatemala"
"Boulder, CO, United States"
"Hanoi, Hanoi, Vietnam"
"Milford, PA, United States"
"A'ali, Central Governorate, Bahrain"
"Melbourne, VIC, Australien"
"New Delhi, DL, India"
"New York, NY, United States"
"Dushanbe, Districts of Republican Subordination, Tajikistan"
"Barranquilla, AtlÌÎÌntico, Colombia"
"Johannesburg, GP, South Africa"
"Estes Park, CO, United States"
"Cascade Locks, OR, United States"
"South Tangerang, Banten, Indonesia"
"Brookings, SD, United States"
"Villa Ridge, MO, United States"
"Imperial, MO, United States"
"Ruaka Town, Kiambu County, Kenya"
"Saint Paul, MN, United States"
"Ewell, England, United Kingdom"
"Chennai, TN, India"
"White Bear Lake, MN, United States"
"Dhaka, Dhaka Division, Bangladesh"
"Barranquilla, AtlÌÎÌntico, Colombia"
"Sydney, NSW, Australia"
"Lagos, Lagos, Nigeria"
"Minneapolis, MN, United States"
"Pretoria, GP, South Africa"
"Collegeville, MN, United States"
"Cambridge, MA, United States"
"Austin, TX, United States"
"Karachi, Sindh, Pakistan"
"Harare, Harare Province, Zimbabwe"
"Bucharest, Bucharest, Romania"
"Omaha, NE, United States"
"Santiago, RÌÎå©gion mÌÎå©tropolitaine de Santiago, Chili"
"Cambridge, MA, United States"
"Nairobi, Nairobi County, Kenya"
"Minneapolis, MN, United States"
"Amsterdam, NH, Netherlands"
"New York, NY, United States"
"Washington, DC, United States"
"Johannesburg, GP, South Africa"
"Alexandria, VA, United States"
"Barcelona, CT, EspaÌÎå±a"
"Saint Petersburg, FL, United States"
"Cambridge, MA, United States"
"RosÌÎÌrio da Limeira, MG, Brazil"
"Chicago, IL, United States"
"Eden Prairie, MN, United States"
"New York, NY, United States"
"New York, NY, United States"
"Mililani, HI, United States"
"Washington, DC, United States"
"Benin City, Edo, Nigeria"
"Lagos, Lagos, Nigeria"
"Greenville, OH, United States"
"Dublin, County Dublin, Ireland"
"Cagayan de Oro, Northern Mindanao, Philippines"
"Louisville, KY, United States"
"BogotÌÎÌ, BogotÌÎÌ, Colombia"
"Auckland, Auckland, New Zealand"
"San Jose, CA, United States"
"Barcelona, CT, EspaÌÎå±a"
"Tempe, AZ, United States"
"Dar es Salaam, Dar es Salaam, Tanzania"
"Guwahati, AS, India"
"London, England, United Kingdom"
"Singapore, , Singapore"
"Wellesley, MA, United States"
"Nairobi, Nairobi County, Kenya"
"Hartford, CT, United States"
"Inver Grove Heights, MN, United States"
"Minneapolis, MN, United States"
"Los Angeles, CA, United States"
"Minneapolis, MN, United States"
"Denver, CO, United States"
"Mumbai, MH, India"
"Toronto, ON, Canada"
"New York, NY, United States"
"SÌÎå£o Paulo, SP, Brasil"
"IbaguÌÎå©, Tolima, Colombia"
"Washington, DC, United States"
"Salt Lake City, UT, United States"
"Newark, NJ, United States"
"Athens, Attica, Greece"
"West Springfield, VA, United States"
"Pasto, NariÌÎå±o, Colombia"
"Managua, MN, Nicaragua"
"San Diego, CA, United States"
"San Francisco, CA, United States"
"Los Altos, CA, United States"
"San Diego, CA, United States"
"Pittsburgh, PA, United States"
"New York, NY, United States"
"Lagos, Lagos, Nigeria"
"Portland, OR, United States"
"New York, NY, United States"
"Saint Albans, England, United Kingdom"
"Shelby, NC, United States"
"Washington, DC, United States"
"Edina, MN, United States"
"London, England, United Kingdom"
"Washington, DC, United States"
"Quito, Pichincha, Ecuador"
"Apopka, FL, United States"
"Harare, Harare Province, Zimbabwe"
"New York, NY, United States"
"Sarajevo, Federation of Bosnia and Herzegovina, Bosnia and Herzegovina"
"Kamina, Katanga, RÌÎå©publique dÌÎå©mocratique du Congo"
"Amman, Amman Governorate, Jordan"
"Nairobi, Nairobi County, Kenya"
"Sundbyberg, Stockholms lÌÎ_n, Sverige"
"Washington, DC, United States"
"Minneapolis, MN, United States"
"Washington, DC, United States"
"Minneapolis, MN, United States"
"Cairo, Cairo Governorate, Egypt"
"Minneapolis, MN, United States"
"Johannesburg, GP, South Africa"
"Saint Paul, MN, United States"
"San Francisco, CA, United States"
"New York, NY, United States"
"GenÌÎåÂve, GE, Suisse"
"Arlington, VA, United States"
"Amsterdam, NH, Netherlands"
"Ciudad de MÌÎå©xico, CDMX, MÌÎå©xico"
"Washington, DC, United States"
"Washington, DC, United States"
"New York, NY, United States"
"Washington, DC, United States"
"Arusha, Arusha Region, Tanzania"
"Kathmandu, Central Development Region, Nepal"
"Banda Aceh, Aceh, Indonesia"
"Lilongwe, Central Region, Malawi"
"Buenos Aires, CABA, Argentina"
"Washington, DC, United States"
"Melbourne, VIC, Australia"
"Ottawa, ON, Canada"
"Washington, DC, United States"
"GenÌÎåÂve, GE, Suisse"
"Cape Town, WC, South Africa"
"Ajmer, RJ, India"
"Nairobi, Nairobi County, Kenya"
"Seaford, England, United Kingdom"
"Roma, Lazio, Italia"
"Karachi, Sindh, Pakistan"
"Accra, Greater Accra Region, Ghana"
"New York, NY, United States"
"San Francisco, CA, United States"
"Washington, DC, United States"
"BogotÌÎÌ, BogotÌÎÌ, Colombia"
"Rotterdam, ZH, Netherlands"
"Washington, DC, United States"
"Boulder, CO, United States"
"Washington, DC, United States"
"Chicago, IL, United States"
"New York, NY, United States"
"Washington, DC, United States"
"Ramsey, MN, United States"
"Oakland, CA, United States"
"New Market, TN, United States"
"Missoula, MT, United States"
"New York, NY, United States"
"åÔ_Ì£åÕååÇåÔ_Ìâ, CA, åÔÌüÌ_ååµ_"
"Berkeley, CA, United States"
"New York, NY, United States"
"Lilydale, MN, United States"
"Accra, Greater Accra Region, Ghana"
"Guatemala City, Guatemala Department, Guatemala"
"Middletown, CT, United States"
"BogotÌÎÌ, BogotÌÎÌ, Colombia"
"San Francisco, CA, United States"
"Kampala, Central Region, Uganda"
"New York, NY, United States"
"San Francisco, CA, United States"
"Durham, NC, United States"
"Fort Portal, Western Region, Uganda"
"Caesarea, Haifa District, Israel"
"Alexandria, VA, United States"
"SÌÎå£o Paulo, SP, Brasil"
"Oakland, CA, United States"
"New York, NY, United States"
"Oakville, ON, Canada"
"Laguna Beach, CA, United States"
"Washington, DC, United States"
"Buenos Aires, CABA, Argentina"
"Ciudad de MÌÎå©xico, CDMX, MÌÎå©xico"
"Boston, MA, United States"
"Toronto, ON, Canada"
"Los Angeles, CA, United States"
"Redland, MD, United States"
"Worcester, MA, United States"
"Worcester, MA, United States"
"Montgomery, AL, United States"
"Seattle, WA, United States"
"Boston, MA, United States"
"New York, NY, United States"
"New York, NY, United States"
"Victoria, BC, Canada"
"Nairobi, Nairobi County, Kenya"
"New York, NY, United States"
"New York, NY, United States"
"San Francisco, CA, United States"
"Chicago, IL, United States"
"Oakland, CA, United States"
"Dayton, VA, United States"
"Monterrey, N.L., Mexico"
"San Diego, CA, United States"
"Baltimore, MD, United States"
"Tuckahoe, VA, United States"
"Irvington, NJ, United States"
"Sacramento, CA, United States"
"West Jakarta, Jakarta, Indonesia"
"MedellÌÎ_n, Antioquia, Colombia"
"Jakarta, Jakarta, Indonesia"
"Ravenel, SC, United States"
"ZÌÎå_rich, ZH, Suiza"
"Berlin, Berlin, Germany"
"Singapore, , Singapore"
"Boston, MA, United States"
"Claverack-Red Mills, NY, United States"
"East Hampton, NY, United States"
"Washington, DC, United States"
"Chicago, IL, United States"
"Sunnyvale, CA, United States"
"Wels, Upper Austria, Austria"
"Austin, TX, United States"
"Leander, TX, United States"
"Santa Rosa, CA, United States"
"Quincy, MA, United States"
"åÎååÁåÎÌ_ÌÔ, , åÎååÁååå£"
"åÔ_Ì£åÕååÇåÔ_Ìâ, CA, åÔÌüÌ_ååµ_"
"Chicago, IL, United States"
"New York, NY, United States"
"Redwood City, CA, United States"
"Spring Branch, TX, United States"
"West Orange, NJ, United States"
"Grenoble, Auvergne-RhÌÎåÇne-Alpes, France"
"Harwich, MA, United States"
"New York, NY, United States"
"Cambridge, MA, United States"
"Madison, WI, United States"
"Quito, Pichincha, Ecuador"
"Austin, TX, United States"
"Sandhurst, England, United Kingdom"
"Cambridge, MA, United States"
"Santiago, RegiÌÎ_n Metropolitana, Chile"
"Auckland, Auckland, New Zealand"
"Belmont, CA, United States"
"Barcelona, CT, EspaÌÎå±a"
"Dublin, County Dublin, Ireland"
"Barcelona, CT, EspaÌÎå±a"
"Oklahoma City, OK, United States"
"Alameda, CA, United States"
"London, England, United Kingdom"
"Sydney, NSW, Australia"
"Boulder, CO, United States"
"New York, NY, United States"
"Cambridge, MA, United States"
"New York, NY, United States"
"Circle Pines, MN, United States"
"La Selva Beach, CA, United States"
"PanamÌÎÌ, PanamÌÎÌ, PanamÌÎÌ"
"BogotÌÎÌ, BogotÌÎÌ, Colombia"
"San Salvador, San Salvador, El Salvador"
Ukraine
"New Delhi, DL, India"
"Salt Lake City, UT, United States"
"PanamÌÎÌ, PanamÌÎÌ, PanamÌÎÌ"
"Tiburon, CA, United States"
"New York, NY, United States"
"Long Beach, CA, United States"
"Austin, TX, United States"
"Washington, DC, United States"
"New York, NY, United States"
"New York, NY, United States"
"Lausanne, VD, Switzerland"
"Champaign, IL, United States"
"Los Angeles, CA, United States"
"PanamÌÎÌ, PanamÌÎÌ, PanamÌÎÌ"
"Oakland, CA, United States"
"Shiprock, NM, United States"
"Shanghai, Shanghai, China"
"Freeland, WA, United States"
"San Francisco, CA, United States"
"New York, NY, United States"
"BogotÌÎÌ, BogotÌÎÌ, Colombia"
"Limerick, County Limerick, Ireland"
"Port Elizabeth, EC, South Africa"
"BogotÌÎÌ, BogotÌÎÌ, Colombia"
"Johannesburg, GP, South Africa"
"Rockville, MD, United States"
"Dar es Salaam, Dar es Salaam, Tanzania"
"Lafayette, LA, United States"
"Eau Claire, WI, United States"
"Atlanta, GA, United States"
"Houston, TX, United States"
"Carson, MS, United States"
"Camp Hill, PA, United States"
"Largo, MD, United States"
"Lakewood Township, NJ, United States"
"London, England, United Kingdom"
"Wichita, KS, United States"
"Lancaster, PA, United States"
"San Francisco, CA, United States"
"Washington, DC, United States"
"New York, NY, United States"
"Minneapolis, MN, United States"
"Cali, Valle del Cauca, Colombia"
"Loveland, CO, United States"
"Boston, MA, United States"
"Perth, WA, AustrÌÎÌlia"
"Richmond, CA, United States"
"New Orleans, LA, United States"
"åÛåÁstanbul, åÛåÁstanbul, TÌÎ_rkiye"
"New Delhi, DL, India"
"BayamÌÎ_n, BayamÌÎ_n, Puerto Rico"
"Wheat Ridge, CO, United States"
"Chennai, TN, India"
"New York, NY, United States"
"Singapore, , Singapore"
"London, England, United Kingdom"
"San Francisco, CA, United States"
"Chennai, TN, India"
"Oak Park, CA, United States"
India
"Garching bei MÌÎ_nchen, BY, Deutschland"
"Portola Valley, CA, United States"
"Chicago, IL, United States"
"Mountain View, CA, United States"
"Melbourne, VIC, Australia"
"Brisbane, QLD, Australia"
"San Clemente del Tuyu, Buenos Aires, Argentina"
"Seattle, WA, United States"
"Hyderabad, Telangana, India"
"Seattle, WA, United States"
"Denderleeuw, Vlaanderen, BelgiÌÎÌà"
"Toronto, ON, Canada"
"London, England, United Kingdom"
"Lincoln, NE, United States"
"Sofia, Sofia City Province, Bulgaria"
"ItajubÌÎÌ, MG, Brasil"
"Hamilton, MA, United States"
"Palo Alto, CA, United States"
"Austin, TX, United States"
"ItajubÌÎÌ, MG, Brasil"
"Toronto, ON, Canada"
"Columbus, OH, United States"
"Madrid, Community of Madrid, Spain"
"New York, NY, United States"
"North Miami, FL, United States"
"London, England, United Kingdom"
"Rochester, MN, United States"
"Concord, MA, United States"
"Germantown, MD, United States"
"Madrid, Community of Madrid, Spain"
"Ibadan, Oyo, Nigeria"
"London, England, United Kingdom"
"Billerica, MA, United States"
"Gdynia, pomorskie, Polska"
"Port Orange, FL, United States"
"Altadena, CA, United States"
"Zug, ZG, Schweiz"
"Vancouver, BC, Canada"
"San Francisco, CA, United States"
"Oakland, CA, United States"
"Denver, CO, United States"
"San Francisco, CA, United States"
"Oakland, CA, United States"
"Harrisburg, PA, United States"
"Lugano, TI, Svizzera"
"Washington, DC, United States"
"Chicago, IL, United States"
"Stanford, CA, United States"
"Richmond, VA, United States"
"Atlanta, GA, United States"
"Jacksonville, FL, United States"
"Santa Cruz, CA, United States"
"New Delhi, DL, India"
"College Park, MD, United States"
"Philadelphia, PA, United States"
"City of Sydney, NSW, Australien"
"Fort Worth, TX, United States"
"Boston, MA, United States"
"Miami Springs, FL, United States"
"Atlanta, GA, United States"
"Las Pinas, NCR, Philippines"
"Oakland, CA, United States"
"Philadelphia, PA, United States"
"Thessalia Sterea Ellada, Greece"
"Kansas City, MO, United States"